0,called Cameron Prime it day a Minister David great Church the equality 
3,described Cameron Minister Christian a practising news the day a Church the David great equality 
6,said Cameron Prime shown Welby had Minister David leadership great issue this 
0,called Cameron Prime it day a Minister David great Church the equality 
3,described Cameron Minister Christian a practising news the day a Church the David great equality 
6,said Cameron Prime shown Welby had Minister David leadership great issue this 
0,called Cameron Prime it day a Minister David great Church the equality 
3,described Cameron Minister Christian a practising news the day a Church the David great equality 
6,said Cameron Prime shown Welby had Minister David leadership great issue this 
0,called Cameron Prime it day a Minister David great Church the equality 
3,described Cameron Minister Christian a practising news the day a Church the David great equality 
6,said Cameron Prime shown Welby had Minister David leadership great issue this 
0,called Cameron Prime it day a Minister David great Church the equality 
3,described Cameron Minister Christian a practising news the day a Church the David great equality 
6,said Cameron Prime shown Welby had Minister David leadership great issue this 
0,called Cameron Prime it day a Minister David great Church the equality 
3,described Cameron Minister Christian a practising news the day a Church the David great equality 
6,said Cameron Prime shown Welby had Minister David leadership great issue this 
