0,stormed ISIL Islamists radical want who has unopposed largely taking cities Mosul Tikrit recreate to caliphate a much Iraq northern seizing posts border advancing to medieval-style straddling Iraq Syria Syria within 100km Baghdad capital 
0,stormed ISIL Islamists radical want who has unopposed largely taking cities Mosul Tikrit recreate to caliphate a much Iraq northern seizing posts border advancing to medieval-style straddling Iraq Syria Syria within 100km Baghdad capital 
1,flying Baghdad drones armed protect to civilians U.S. capital the forces military Iraqi 
1,Read Globe The -s TIRKIT easy ASSAULT IRAQI explanation FORCES LAUNCH HELICOPTER fired helicopters Iraqi campus a Friday dislodge to brought close them university Tikrit insurgents overran who city the onslaught an given that has them control most regions majority Sunni 
1,confirmed Al-Maliki week this abide that pressure Secretary U.S. he would deadlines the set to Kerry State constitutional up government a John flew who new week earlier this 
1,halted fighters The have been north hour an drive outskirts its western 
2,placed Washington has hopes its forming government a new inclusive more undermine that would insurgency the 
2,said Baghdad Monday Kerry assured Maliki him meet parliament the would start deadline a new elected ago months two to forming government a July 1 new 
2,racing is time consolidate as pushing Kerry insurgents the grip their provinces Sunni predominantly has been use Arabia Saudi to influence its Sunnis fellow Iraq join to government the ensure represents it everyone 
3,arrived Hague British meanwhile visit a Foreign Secretary William surprise aimed reportedly prodding politicians country the agree to government a unity 
3,comes trip Hague Mr. visited days three after Secretary U.S. Kerry State John 
4,executed Baghdad Rights militants Iraq captives 160 month earlier June 27 group bar Business Line executed insurgents Iraqi this have captives 160 at least month earlier city the this northern Tikrit 
4,advance The rapid State the allied ignited militants Sunni Islamic has tensions sectarian militias armed heavily Shiite vowing defend to south the 
4,killed Yesterday bombing a had people 12 found police neighbourhood a houses that bodies the Shiite shrine a bullet-riddled Sunnis eight revered south capital the 
5,pledged Baghdad after Secretary US support intense fight the Kerry State militants pushing capital the John 
5,said intense support Washington Kerry embassy the Green heavily-fortified Zone will be sustained effective take if US it will be leaders Iraq bring steps the to country the together necessary 
5,swept weekend the insurgents towns the province Anbar west taking border the Rawa Ana crossing Syria Al-Qaim 
5,killed Elsewhere family a six was outskirts northern died while members five bombing a Iraq northern Kurdish security forces 
6,Baghdad News24 
6,Rawa Ana moved Militants have towns the pushing offensive their two province the east farther made after desert Anbar forces security withdrawal a tactical 
6,Baquba controlled Militants briefly areas three repelled were capital the forces security confessionally-mixed province restive north just Diyala 60km 
6,heart city The is the swathe a territory disputed wanted which Kurds the have long incorporate to region their objections strong 
6,sent reinforcements 
6,Baghdad tense able militants Though mood the is have not been encroach to capital the Iraqi 
9,refused interview an minister the Iraqi acknowledge to office his ago years a prime smouldering that few tension the was still zone the Sunni Iraq protected called he citizens Shia home 
9,lives He still Zone Green speaks still unity Iraqi rules as feature if he it were an innate nation the fractured 
9,served couple just advance the ISIS has highlight to a weeks Iraq everything wrong that disarray the inability his is Iraq Maliki corruption forces the absence the foster to armed loyalty unity the speaks which he often 
9,had Press The we travel to Associated see To helicopter U.S. place a evidence it called Sakhr Jurf south a armed where al town capital the Muslims Sunni were now fighting side the allies who U.S. militants the had once been al-Qaeda fighters and fierce forces U.S. 
9,helped separation The also eventually bring modicum a physical Sunni Shia brought on peace war the civil 
9,marched One them openly weekend this armed teeth the streets the past 
9,Armed men stand guard people Najaf al-Sistani Ali cleric Iraq south shouting slogans support call the senior most Shi-ite Muslim arms Ayatollah Grand 
9,landed Press Hadi help the U.S. the today negotiating Maliki confirmed that Mizban-Associated Secretary Kerry State will be try to results the have been John form to election government a inclusive more required which he is do to days the now coming 
11,feel But militants the nearing Obama President will certainly almost compelled act to Army the Iraqi faltering 
14,stopped But Obama short acceding request use the power U.S. air 
15,Published army the Independent.ie bar 19-06-2014 June 16 Iraqi province Diyala north 40 take fighters 12:53 2014 km Baghdad part deployment an Shi-ite intensive security 
15,said But official a top held government the Iraqi security still forces the protecting inside it facility government in contact regular were still 
15,comes fighting The some north kilometers 250 asked as Beiji Iraq has US the airstrikes targeting militants the State the Islamic Iraq Levant the 
15,added He backed that forces some Iraqi had down confronted when security militants the lost because they had simply faith government the central 
15,vowed State The has march to Islamic cities holy Karbala Najaf home some shrines sect the threat the revered most worst stability Iraq left troops US 2011 late 
15,tried militants The also have capture to Samarra north a shrine another home city major Shiite 
16,join advisers The would up 275 positioned being 300 military announced he Iraq provide to Thursday security support Embassy the U.S. 
16,came withdrawal The unable after Washington were reach to agreement an extend to presence the U.S. troop 
17,threatening Baghdad came as al-Maliki Iraqi pressure increased Prime Minister Nuri U.S. 
17,notified Obama Congress Monday deploying States the was up personnel 275 provide to United military support security seized after personnel U.S. embassy country the militants control north the country the 
17,said dominated ID -LSB- officials administration govern to nL2N0OX1YV McGurk -RSB- manner a Brett man the Beecroft U.S. sectarian less State Department point Iraq Ambassador Stephen met Maliki part effort a leaders prod U.S. Shi-ite Iraq 
18,sounding Republicans CBS are warning the emerge that News plot the could regions the next 9-11-like terror Iraq Syria dominated that are currently group an extremist bearing down 
18,told King Army Beast the Daily recently said that Col. Kenneth officer who released when he see I was the commanding camp a head current was 2009 -ll guys you U.S. detention Iraq ISIS al-Baghdadi Bakr York New 
19,stepped Security has been up threatened after insurgents the march to capital the 
19,emerging Reports are shot that helicopter an has been down clashes fierce city the located miles just army Fallujah 70km 45 west 
20,struggles Baghdad as repel to insists even insurgency a as House the anew dragged that rampant White America will not be war another 
20,notified Obama President Congress Monday sent that Barack troops 275 up could be Iraq provide to to support security personnel U.S. Embassy the American 
20,wrestles come moves The array an options helping repel Iraq capital the House the insurgency a government the White Sunni Muslim captured that Shiite-led has swaths large territory collaring 
20,said House The assist forces the will White relocation the embassy the authorized support security temporary staff some 
20,unknown It -s also remain whether they would sent be north nation the captured where insurgency the has swaths large Sunni Muslim territory collaring Baghdad capital the government the Shiite-led 
20,said fall troops The official another U.S. would authority the authorized would ambassador the not be engage to U.S. combat 
20,Already Marines 100 soldiers Army sent have been help to to official a security embassy U.S. 
21,is head The Quds the operations planning guards the Iranian revolutionary 
22,said announcement an spokesman al-Maliki Prime took army the aimed improving reputation troops the Minister Nuri control Tikrit the north Baghdad capital killed terrorists 280 poor Iraqi cities Samarra 
22,has family Almost member one at least force the every army the police 
0,stormed ISIL Islamists radical want who has unopposed largely taking cities Mosul Tikrit recreate to caliphate a much Iraq northern seizing posts border advancing to medieval-style straddling Iraq Syria Syria within 100km Baghdad capital 
0,stormed ISIL Islamists radical want who has unopposed largely taking cities Mosul Tikrit recreate to caliphate a much Iraq northern seizing posts border advancing to medieval-style straddling Iraq Syria Syria within 100km Baghdad capital 
1,flying Baghdad drones armed protect to civilians U.S. capital the forces military Iraqi 
1,Read Globe The -s TIRKIT easy ASSAULT IRAQI explanation FORCES LAUNCH HELICOPTER fired helicopters Iraqi campus a Friday dislodge to brought close them university Tikrit insurgents overran who city the onslaught an given that has them control most regions majority Sunni 
1,confirmed Al-Maliki week this abide that pressure Secretary U.S. he would deadlines the set to Kerry State constitutional up government a John flew who new week earlier this 
1,halted fighters The have been north hour an drive outskirts its western 
2,placed Washington has hopes its forming government a new inclusive more undermine that would insurgency the 
2,said Baghdad Monday Kerry assured Maliki him meet parliament the would start deadline a new elected ago months two to forming government a July 1 new 
2,racing is time consolidate as pushing Kerry insurgents the grip their provinces Sunni predominantly has been use Arabia Saudi to influence its Sunnis fellow Iraq join to government the ensure represents it everyone 
3,arrived Hague British meanwhile visit a Foreign Secretary William surprise aimed reportedly prodding politicians country the agree to government a unity 
3,comes trip Hague Mr. visited days three after Secretary U.S. Kerry State John 
4,executed Baghdad Rights militants Iraq captives 160 month earlier June 27 group bar Business Line executed insurgents Iraqi this have captives 160 at least month earlier city the this northern Tikrit 
4,advance The rapid State the allied ignited militants Sunni Islamic has tensions sectarian militias armed heavily Shiite vowing defend to south the 
4,killed Yesterday bombing a had people 12 found police neighbourhood a houses that bodies the Shiite shrine a bullet-riddled Sunnis eight revered south capital the 
5,pledged Baghdad after Secretary US support intense fight the Kerry State militants pushing capital the John 
5,said intense support Washington Kerry embassy the Green heavily-fortified Zone will be sustained effective take if US it will be leaders Iraq bring steps the to country the together necessary 
5,swept weekend the insurgents towns the province Anbar west taking border the Rawa Ana crossing Syria Al-Qaim 
5,killed Elsewhere family a six was outskirts northern died while members five bombing a Iraq northern Kurdish security forces 
6,Baghdad News24 
6,Rawa Ana moved Militants have towns the pushing offensive their two province the east farther made after desert Anbar forces security withdrawal a tactical 
6,Baquba controlled Militants briefly areas three repelled were capital the forces security confessionally-mixed province restive north just Diyala 60km 
6,heart city The is the swathe a territory disputed wanted which Kurds the have long incorporate to region their objections strong 
6,sent reinforcements 
6,Baghdad tense able militants Though mood the is have not been encroach to capital the Iraqi 
9,refused interview an minister the Iraqi acknowledge to office his ago years a prime smouldering that few tension the was still zone the Sunni Iraq protected called he citizens Shia home 
9,lives He still Zone Green speaks still unity Iraqi rules as feature if he it were an innate nation the fractured 
9,served couple just advance the ISIS has highlight to a weeks Iraq everything wrong that disarray the inability his is Iraq Maliki corruption forces the absence the foster to armed loyalty unity the speaks which he often 
9,had Press The we travel to Associated see To helicopter U.S. place a evidence it called Sakhr Jurf south a armed where al town capital the Muslims Sunni were now fighting side the allies who U.S. militants the had once been al-Qaeda fighters and fierce forces U.S. 
9,helped separation The also eventually bring modicum a physical Sunni Shia brought on peace war the civil 
9,marched One them openly weekend this armed teeth the streets the past 
9,Armed men stand guard people Najaf al-Sistani Ali cleric Iraq south shouting slogans support call the senior most Shi-ite Muslim arms Ayatollah Grand 
9,landed Press Hadi help the U.S. the today negotiating Maliki confirmed that Mizban-Associated Secretary Kerry State will be try to results the have been John form to election government a inclusive more required which he is do to days the now coming 
11,feel But militants the nearing Obama President will certainly almost compelled act to Army the Iraqi faltering 
14,stopped But Obama short acceding request use the power U.S. air 
15,Published army the Independent.ie bar 19-06-2014 June 16 Iraqi province Diyala north 40 take fighters 12:53 2014 km Baghdad part deployment an Shi-ite intensive security 
15,said But official a top held government the Iraqi security still forces the protecting inside it facility government in contact regular were still 
15,comes fighting The some north kilometers 250 asked as Beiji Iraq has US the airstrikes targeting militants the State the Islamic Iraq Levant the 
15,added He backed that forces some Iraqi had down confronted when security militants the lost because they had simply faith government the central 
15,vowed State The has march to Islamic cities holy Karbala Najaf home some shrines sect the threat the revered most worst stability Iraq left troops US 2011 late 
15,tried militants The also have capture to Samarra north a shrine another home city major Shiite 
16,join advisers The would up 275 positioned being 300 military announced he Iraq provide to Thursday security support Embassy the U.S. 
16,came withdrawal The unable after Washington were reach to agreement an extend to presence the U.S. troop 
17,threatening Baghdad came as al-Maliki Iraqi pressure increased Prime Minister Nuri U.S. 
17,notified Obama Congress Monday deploying States the was up personnel 275 provide to United military support security seized after personnel U.S. embassy country the militants control north the country the 
17,said dominated ID -LSB- officials administration govern to nL2N0OX1YV McGurk -RSB- manner a Brett man the Beecroft U.S. sectarian less State Department point Iraq Ambassador Stephen met Maliki part effort a leaders prod U.S. Shi-ite Iraq 
18,sounding Republicans CBS are warning the emerge that News plot the could regions the next 9-11-like terror Iraq Syria dominated that are currently group an extremist bearing down 
18,told King Army Beast the Daily recently said that Col. Kenneth officer who released when he see I was the commanding camp a head current was 2009 -ll guys you U.S. detention Iraq ISIS al-Baghdadi Bakr York New 
19,stepped Security has been up threatened after insurgents the march to capital the 
19,emerging Reports are shot that helicopter an has been down clashes fierce city the located miles just army Fallujah 70km 45 west 
20,struggles Baghdad as repel to insists even insurgency a as House the anew dragged that rampant White America will not be war another 
20,notified Obama President Congress Monday sent that Barack troops 275 up could be Iraq provide to to support security personnel U.S. Embassy the American 
20,wrestles come moves The array an options helping repel Iraq capital the House the insurgency a government the White Sunni Muslim captured that Shiite-led has swaths large territory collaring 
20,said House The assist forces the will White relocation the embassy the authorized support security temporary staff some 
20,unknown It -s also remain whether they would sent be north nation the captured where insurgency the has swaths large Sunni Muslim territory collaring Baghdad capital the government the Shiite-led 
20,said fall troops The official another U.S. would authority the authorized would ambassador the not be engage to U.S. combat 
20,Already Marines 100 soldiers Army sent have been help to to official a security embassy U.S. 
21,is head The Quds the operations planning guards the Iranian revolutionary 
22,said announcement an spokesman al-Maliki Prime took army the aimed improving reputation troops the Minister Nuri control Tikrit the north Baghdad capital killed terrorists 280 poor Iraqi cities Samarra 
22,has family Almost member one at least force the every army the police 
0,stormed ISIL Islamists radical want who has unopposed largely taking cities Mosul Tikrit recreate to caliphate a much Iraq northern seizing posts border advancing to medieval-style straddling Iraq Syria Syria within 100km Baghdad capital 
0,stormed ISIL Islamists radical want who has unopposed largely taking cities Mosul Tikrit recreate to caliphate a much Iraq northern seizing posts border advancing to medieval-style straddling Iraq Syria Syria within 100km Baghdad capital 
1,flying Baghdad drones armed protect to civilians U.S. capital the forces military Iraqi 
1,Read Globe The -s TIRKIT easy ASSAULT IRAQI explanation FORCES LAUNCH HELICOPTER fired helicopters Iraqi campus a Friday dislodge to brought close them university Tikrit insurgents overran who city the onslaught an given that has them control most regions majority Sunni 
1,confirmed Al-Maliki week this abide that pressure Secretary U.S. he would deadlines the set to Kerry State constitutional up government a John flew who new week earlier this 
1,halted fighters The have been north hour an drive outskirts its western 
2,placed Washington has hopes its forming government a new inclusive more undermine that would insurgency the 
2,said Baghdad Monday Kerry assured Maliki him meet parliament the would start deadline a new elected ago months two to forming government a July 1 new 
2,racing is time consolidate as pushing Kerry insurgents the grip their provinces Sunni predominantly has been use Arabia Saudi to influence its Sunnis fellow Iraq join to government the ensure represents it everyone 
3,arrived Hague British meanwhile visit a Foreign Secretary William surprise aimed reportedly prodding politicians country the agree to government a unity 
3,comes trip Hague Mr. visited days three after Secretary U.S. Kerry State John 
4,executed Baghdad Rights militants Iraq captives 160 month earlier June 27 group bar Business Line executed insurgents Iraqi this have captives 160 at least month earlier city the this northern Tikrit 
4,advance The rapid State the allied ignited militants Sunni Islamic has tensions sectarian militias armed heavily Shiite vowing defend to south the 
4,killed Yesterday bombing a had people 12 found police neighbourhood a houses that bodies the Shiite shrine a bullet-riddled Sunnis eight revered south capital the 
5,pledged Baghdad after Secretary US support intense fight the Kerry State militants pushing capital the John 
5,said intense support Washington Kerry embassy the Green heavily-fortified Zone will be sustained effective take if US it will be leaders Iraq bring steps the to country the together necessary 
5,swept weekend the insurgents towns the province Anbar west taking border the Rawa Ana crossing Syria Al-Qaim 
5,killed Elsewhere family a six was outskirts northern died while members five bombing a Iraq northern Kurdish security forces 
6,Baghdad News24 
6,Rawa Ana moved Militants have towns the pushing offensive their two province the east farther made after desert Anbar forces security withdrawal a tactical 
6,Baquba controlled Militants briefly areas three repelled were capital the forces security confessionally-mixed province restive north just Diyala 60km 
6,heart city The is the swathe a territory disputed wanted which Kurds the have long incorporate to region their objections strong 
6,sent reinforcements 
6,Baghdad tense able militants Though mood the is have not been encroach to capital the Iraqi 
9,refused interview an minister the Iraqi acknowledge to office his ago years a prime smouldering that few tension the was still zone the Sunni Iraq protected called he citizens Shia home 
9,lives He still Zone Green speaks still unity Iraqi rules as feature if he it were an innate nation the fractured 
9,served couple just advance the ISIS has highlight to a weeks Iraq everything wrong that disarray the inability his is Iraq Maliki corruption forces the absence the foster to armed loyalty unity the speaks which he often 
9,had Press The we travel to Associated see To helicopter U.S. place a evidence it called Sakhr Jurf south a armed where al town capital the Muslims Sunni were now fighting side the allies who U.S. militants the had once been al-Qaeda fighters and fierce forces U.S. 
9,helped separation The also eventually bring modicum a physical Sunni Shia brought on peace war the civil 
9,marched One them openly weekend this armed teeth the streets the past 
9,Armed men stand guard people Najaf al-Sistani Ali cleric Iraq south shouting slogans support call the senior most Shi-ite Muslim arms Ayatollah Grand 
9,landed Press Hadi help the U.S. the today negotiating Maliki confirmed that Mizban-Associated Secretary Kerry State will be try to results the have been John form to election government a inclusive more required which he is do to days the now coming 
11,feel But militants the nearing Obama President will certainly almost compelled act to Army the Iraqi faltering 
14,stopped But Obama short acceding request use the power U.S. air 
15,Published army the Independent.ie bar 19-06-2014 June 16 Iraqi province Diyala north 40 take fighters 12:53 2014 km Baghdad part deployment an Shi-ite intensive security 
15,said But official a top held government the Iraqi security still forces the protecting inside it facility government in contact regular were still 
15,comes fighting The some north kilometers 250 asked as Beiji Iraq has US the airstrikes targeting militants the State the Islamic Iraq Levant the 
15,added He backed that forces some Iraqi had down confronted when security militants the lost because they had simply faith government the central 
15,vowed State The has march to Islamic cities holy Karbala Najaf home some shrines sect the threat the revered most worst stability Iraq left troops US 2011 late 
15,tried militants The also have capture to Samarra north a shrine another home city major Shiite 
16,join advisers The would up 275 positioned being 300 military announced he Iraq provide to Thursday security support Embassy the U.S. 
16,came withdrawal The unable after Washington were reach to agreement an extend to presence the U.S. troop 
17,threatening Baghdad came as al-Maliki Iraqi pressure increased Prime Minister Nuri U.S. 
17,notified Obama Congress Monday deploying States the was up personnel 275 provide to United military support security seized after personnel U.S. embassy country the militants control north the country the 
17,said dominated ID -LSB- officials administration govern to nL2N0OX1YV McGurk -RSB- manner a Brett man the Beecroft U.S. sectarian less State Department point Iraq Ambassador Stephen met Maliki part effort a leaders prod U.S. Shi-ite Iraq 
18,sounding Republicans CBS are warning the emerge that News plot the could regions the next 9-11-like terror Iraq Syria dominated that are currently group an extremist bearing down 
18,told King Army Beast the Daily recently said that Col. Kenneth officer who released when he see I was the commanding camp a head current was 2009 -ll guys you U.S. detention Iraq ISIS al-Baghdadi Bakr York New 
19,stepped Security has been up threatened after insurgents the march to capital the 
19,emerging Reports are shot that helicopter an has been down clashes fierce city the located miles just army Fallujah 70km 45 west 
20,struggles Baghdad as repel to insists even insurgency a as House the anew dragged that rampant White America will not be war another 
20,notified Obama President Congress Monday sent that Barack troops 275 up could be Iraq provide to to support security personnel U.S. Embassy the American 
20,wrestles come moves The array an options helping repel Iraq capital the House the insurgency a government the White Sunni Muslim captured that Shiite-led has swaths large territory collaring 
20,said House The assist forces the will White relocation the embassy the authorized support security temporary staff some 
20,unknown It -s also remain whether they would sent be north nation the captured where insurgency the has swaths large Sunni Muslim territory collaring Baghdad capital the government the Shiite-led 
20,said fall troops The official another U.S. would authority the authorized would ambassador the not be engage to U.S. combat 
20,Already Marines 100 soldiers Army sent have been help to to official a security embassy U.S. 
21,is head The Quds the operations planning guards the Iranian revolutionary 
22,said announcement an spokesman al-Maliki Prime took army the aimed improving reputation troops the Minister Nuri control Tikrit the north Baghdad capital killed terrorists 280 poor Iraqi cities Samarra 
22,has family Almost member one at least force the every army the police 
0,stormed ISIL Islamists radical want who has unopposed largely taking cities Mosul Tikrit recreate to caliphate a much Iraq northern seizing posts border advancing to medieval-style straddling Iraq Syria Syria within 100km Baghdad capital 
0,stormed ISIL Islamists radical want who has unopposed largely taking cities Mosul Tikrit recreate to caliphate a much Iraq northern seizing posts border advancing to medieval-style straddling Iraq Syria Syria within 100km Baghdad capital 
1,flying Baghdad drones armed protect to civilians U.S. capital the forces military Iraqi 
1,Read Globe The -s TIRKIT easy ASSAULT IRAQI explanation FORCES LAUNCH HELICOPTER fired helicopters Iraqi campus a Friday dislodge to brought close them university Tikrit insurgents overran who city the onslaught an given that has them control most regions majority Sunni 
1,confirmed Al-Maliki week this abide that pressure Secretary U.S. he would deadlines the set to Kerry State constitutional up government a John flew who new week earlier this 
1,halted fighters The have been north hour an drive outskirts its western 
2,placed Washington has hopes its forming government a new inclusive more undermine that would insurgency the 
2,said Baghdad Monday Kerry assured Maliki him meet parliament the would start deadline a new elected ago months two to forming government a July 1 new 
2,racing is time consolidate as pushing Kerry insurgents the grip their provinces Sunni predominantly has been use Arabia Saudi to influence its Sunnis fellow Iraq join to government the ensure represents it everyone 
3,arrived Hague British meanwhile visit a Foreign Secretary William surprise aimed reportedly prodding politicians country the agree to government a unity 
3,comes trip Hague Mr. visited days three after Secretary U.S. Kerry State John 
4,executed Baghdad Rights militants Iraq captives 160 month earlier June 27 group bar Business Line executed insurgents Iraqi this have captives 160 at least month earlier city the this northern Tikrit 
4,advance The rapid State the allied ignited militants Sunni Islamic has tensions sectarian militias armed heavily Shiite vowing defend to south the 
4,killed Yesterday bombing a had people 12 found police neighbourhood a houses that bodies the Shiite shrine a bullet-riddled Sunnis eight revered south capital the 
5,pledged Baghdad after Secretary US support intense fight the Kerry State militants pushing capital the John 
5,said intense support Washington Kerry embassy the Green heavily-fortified Zone will be sustained effective take if US it will be leaders Iraq bring steps the to country the together necessary 
5,swept weekend the insurgents towns the province Anbar west taking border the Rawa Ana crossing Syria Al-Qaim 
5,killed Elsewhere family a six was outskirts northern died while members five bombing a Iraq northern Kurdish security forces 
6,Baghdad News24 
6,Rawa Ana moved Militants have towns the pushing offensive their two province the east farther made after desert Anbar forces security withdrawal a tactical 
6,Baquba controlled Militants briefly areas three repelled were capital the forces security confessionally-mixed province restive north just Diyala 60km 
6,heart city The is the swathe a territory disputed wanted which Kurds the have long incorporate to region their objections strong 
6,sent reinforcements 
6,Baghdad tense able militants Though mood the is have not been encroach to capital the Iraqi 
9,refused interview an minister the Iraqi acknowledge to office his ago years a prime smouldering that few tension the was still zone the Sunni Iraq protected called he citizens Shia home 
9,lives He still Zone Green speaks still unity Iraqi rules as feature if he it were an innate nation the fractured 
9,served couple just advance the ISIS has highlight to a weeks Iraq everything wrong that disarray the inability his is Iraq Maliki corruption forces the absence the foster to armed loyalty unity the speaks which he often 
9,had Press The we travel to Associated see To helicopter U.S. place a evidence it called Sakhr Jurf south a armed where al town capital the Muslims Sunni were now fighting side the allies who U.S. militants the had once been al-Qaeda fighters and fierce forces U.S. 
9,helped separation The also eventually bring modicum a physical Sunni Shia brought on peace war the civil 
9,marched One them openly weekend this armed teeth the streets the past 
9,Armed men stand guard people Najaf al-Sistani Ali cleric Iraq south shouting slogans support call the senior most Shi-ite Muslim arms Ayatollah Grand 
9,landed Press Hadi help the U.S. the today negotiating Maliki confirmed that Mizban-Associated Secretary Kerry State will be try to results the have been John form to election government a inclusive more required which he is do to days the now coming 
11,feel But militants the nearing Obama President will certainly almost compelled act to Army the Iraqi faltering 
14,stopped But Obama short acceding request use the power U.S. air 
15,Published army the Independent.ie bar 19-06-2014 June 16 Iraqi province Diyala north 40 take fighters 12:53 2014 km Baghdad part deployment an Shi-ite intensive security 
15,said But official a top held government the Iraqi security still forces the protecting inside it facility government in contact regular were still 
15,comes fighting The some north kilometers 250 asked as Beiji Iraq has US the airstrikes targeting militants the State the Islamic Iraq Levant the 
15,added He backed that forces some Iraqi had down confronted when security militants the lost because they had simply faith government the central 
15,vowed State The has march to Islamic cities holy Karbala Najaf home some shrines sect the threat the revered most worst stability Iraq left troops US 2011 late 
15,tried militants The also have capture to Samarra north a shrine another home city major Shiite 
16,join advisers The would up 275 positioned being 300 military announced he Iraq provide to Thursday security support Embassy the U.S. 
16,came withdrawal The unable after Washington were reach to agreement an extend to presence the U.S. troop 
17,threatening Baghdad came as al-Maliki Iraqi pressure increased Prime Minister Nuri U.S. 
17,notified Obama Congress Monday deploying States the was up personnel 275 provide to United military support security seized after personnel U.S. embassy country the militants control north the country the 
17,said dominated ID -LSB- officials administration govern to nL2N0OX1YV McGurk -RSB- manner a Brett man the Beecroft U.S. sectarian less State Department point Iraq Ambassador Stephen met Maliki part effort a leaders prod U.S. Shi-ite Iraq 
18,sounding Republicans CBS are warning the emerge that News plot the could regions the next 9-11-like terror Iraq Syria dominated that are currently group an extremist bearing down 
18,told King Army Beast the Daily recently said that Col. Kenneth officer who released when he see I was the commanding camp a head current was 2009 -ll guys you U.S. detention Iraq ISIS al-Baghdadi Bakr York New 
19,stepped Security has been up threatened after insurgents the march to capital the 
19,emerging Reports are shot that helicopter an has been down clashes fierce city the located miles just army Fallujah 70km 45 west 
20,struggles Baghdad as repel to insists even insurgency a as House the anew dragged that rampant White America will not be war another 
20,notified Obama President Congress Monday sent that Barack troops 275 up could be Iraq provide to to support security personnel U.S. Embassy the American 
20,wrestles come moves The array an options helping repel Iraq capital the House the insurgency a government the White Sunni Muslim captured that Shiite-led has swaths large territory collaring 
20,said House The assist forces the will White relocation the embassy the authorized support security temporary staff some 
20,unknown It -s also remain whether they would sent be north nation the captured where insurgency the has swaths large Sunni Muslim territory collaring Baghdad capital the government the Shiite-led 
20,said fall troops The official another U.S. would authority the authorized would ambassador the not be engage to U.S. combat 
20,Already Marines 100 soldiers Army sent have been help to to official a security embassy U.S. 
21,is head The Quds the operations planning guards the Iranian revolutionary 
22,said announcement an spokesman al-Maliki Prime took army the aimed improving reputation troops the Minister Nuri control Tikrit the north Baghdad capital killed terrorists 280 poor Iraqi cities Samarra 
22,has family Almost member one at least force the every army the police 
0,stormed ISIL Islamists radical want who has unopposed largely taking cities Mosul Tikrit recreate to caliphate a much Iraq northern seizing posts border advancing to medieval-style straddling Iraq Syria Syria within 100km Baghdad capital 
0,stormed ISIL Islamists radical want who has unopposed largely taking cities Mosul Tikrit recreate to caliphate a much Iraq northern seizing posts border advancing to medieval-style straddling Iraq Syria Syria within 100km Baghdad capital 
1,flying Baghdad drones armed protect to civilians U.S. capital the forces military Iraqi 
1,Read Globe The -s TIRKIT easy ASSAULT IRAQI explanation FORCES LAUNCH HELICOPTER fired helicopters Iraqi campus a Friday dislodge to brought close them university Tikrit insurgents overran who city the onslaught an given that has them control most regions majority Sunni 
1,confirmed Al-Maliki week this abide that pressure Secretary U.S. he would deadlines the set to Kerry State constitutional up government a John flew who new week earlier this 
1,halted fighters The have been north hour an drive outskirts its western 
2,placed Washington has hopes its forming government a new inclusive more undermine that would insurgency the 
2,said Baghdad Monday Kerry assured Maliki him meet parliament the would start deadline a new elected ago months two to forming government a July 1 new 
2,racing is time consolidate as pushing Kerry insurgents the grip their provinces Sunni predominantly has been use Arabia Saudi to influence its Sunnis fellow Iraq join to government the ensure represents it everyone 
3,arrived Hague British meanwhile visit a Foreign Secretary William surprise aimed reportedly prodding politicians country the agree to government a unity 
3,comes trip Hague Mr. visited days three after Secretary U.S. Kerry State John 
4,executed Baghdad Rights militants Iraq captives 160 month earlier June 27 group bar Business Line executed insurgents Iraqi this have captives 160 at least month earlier city the this northern Tikrit 
4,advance The rapid State the allied ignited militants Sunni Islamic has tensions sectarian militias armed heavily Shiite vowing defend to south the 
4,killed Yesterday bombing a had people 12 found police neighbourhood a houses that bodies the Shiite shrine a bullet-riddled Sunnis eight revered south capital the 
5,pledged Baghdad after Secretary US support intense fight the Kerry State militants pushing capital the John 
5,said intense support Washington Kerry embassy the Green heavily-fortified Zone will be sustained effective take if US it will be leaders Iraq bring steps the to country the together necessary 
5,swept weekend the insurgents towns the province Anbar west taking border the Rawa Ana crossing Syria Al-Qaim 
5,killed Elsewhere family a six was outskirts northern died while members five bombing a Iraq northern Kurdish security forces 
6,Baghdad News24 
6,Rawa Ana moved Militants have towns the pushing offensive their two province the east farther made after desert Anbar forces security withdrawal a tactical 
6,Baquba controlled Militants briefly areas three repelled were capital the forces security confessionally-mixed province restive north just Diyala 60km 
6,heart city The is the swathe a territory disputed wanted which Kurds the have long incorporate to region their objections strong 
6,sent reinforcements 
6,Baghdad tense able militants Though mood the is have not been encroach to capital the Iraqi 
9,refused interview an minister the Iraqi acknowledge to office his ago years a prime smouldering that few tension the was still zone the Sunni Iraq protected called he citizens Shia home 
9,lives He still Zone Green speaks still unity Iraqi rules as feature if he it were an innate nation the fractured 
9,served couple just advance the ISIS has highlight to a weeks Iraq everything wrong that disarray the inability his is Iraq Maliki corruption forces the absence the foster to armed loyalty unity the speaks which he often 
9,had Press The we travel to Associated see To helicopter U.S. place a evidence it called Sakhr Jurf south a armed where al town capital the Muslims Sunni were now fighting side the allies who U.S. militants the had once been al-Qaeda fighters and fierce forces U.S. 
9,helped separation The also eventually bring modicum a physical Sunni Shia brought on peace war the civil 
9,marched One them openly weekend this armed teeth the streets the past 
9,Armed men stand guard people Najaf al-Sistani Ali cleric Iraq south shouting slogans support call the senior most Shi-ite Muslim arms Ayatollah Grand 
9,landed Press Hadi help the U.S. the today negotiating Maliki confirmed that Mizban-Associated Secretary Kerry State will be try to results the have been John form to election government a inclusive more required which he is do to days the now coming 
11,feel But militants the nearing Obama President will certainly almost compelled act to Army the Iraqi faltering 
14,stopped But Obama short acceding request use the power U.S. air 
15,Published army the Independent.ie bar 19-06-2014 June 16 Iraqi province Diyala north 40 take fighters 12:53 2014 km Baghdad part deployment an Shi-ite intensive security 
15,said But official a top held government the Iraqi security still forces the protecting inside it facility government in contact regular were still 
15,comes fighting The some north kilometers 250 asked as Beiji Iraq has US the airstrikes targeting militants the State the Islamic Iraq Levant the 
15,added He backed that forces some Iraqi had down confronted when security militants the lost because they had simply faith government the central 
15,vowed State The has march to Islamic cities holy Karbala Najaf home some shrines sect the threat the revered most worst stability Iraq left troops US 2011 late 
15,tried militants The also have capture to Samarra north a shrine another home city major Shiite 
16,join advisers The would up 275 positioned being 300 military announced he Iraq provide to Thursday security support Embassy the U.S. 
16,came withdrawal The unable after Washington were reach to agreement an extend to presence the U.S. troop 
17,threatening Baghdad came as al-Maliki Iraqi pressure increased Prime Minister Nuri U.S. 
17,notified Obama Congress Monday deploying States the was up personnel 275 provide to United military support security seized after personnel U.S. embassy country the militants control north the country the 
17,said dominated ID -LSB- officials administration govern to nL2N0OX1YV McGurk -RSB- manner a Brett man the Beecroft U.S. sectarian less State Department point Iraq Ambassador Stephen met Maliki part effort a leaders prod U.S. Shi-ite Iraq 
18,sounding Republicans CBS are warning the emerge that News plot the could regions the next 9-11-like terror Iraq Syria dominated that are currently group an extremist bearing down 
18,told King Army Beast the Daily recently said that Col. Kenneth officer who released when he see I was the commanding camp a head current was 2009 -ll guys you U.S. detention Iraq ISIS al-Baghdadi Bakr York New 
19,stepped Security has been up threatened after insurgents the march to capital the 
19,emerging Reports are shot that helicopter an has been down clashes fierce city the located miles just army Fallujah 70km 45 west 
20,struggles Baghdad as repel to insists even insurgency a as House the anew dragged that rampant White America will not be war another 
20,notified Obama President Congress Monday sent that Barack troops 275 up could be Iraq provide to to support security personnel U.S. Embassy the American 
20,wrestles come moves The array an options helping repel Iraq capital the House the insurgency a government the White Sunni Muslim captured that Shiite-led has swaths large territory collaring 
20,said House The assist forces the will White relocation the embassy the authorized support security temporary staff some 
20,unknown It -s also remain whether they would sent be north nation the captured where insurgency the has swaths large Sunni Muslim territory collaring Baghdad capital the government the Shiite-led 
20,said fall troops The official another U.S. would authority the authorized would ambassador the not be engage to U.S. combat 
20,Already Marines 100 soldiers Army sent have been help to to official a security embassy U.S. 
21,is head The Quds the operations planning guards the Iranian revolutionary 
22,said announcement an spokesman al-Maliki Prime took army the aimed improving reputation troops the Minister Nuri control Tikrit the north Baghdad capital killed terrorists 280 poor Iraqi cities Samarra 
22,has family Almost member one at least force the every army the police 
0,stormed ISIL Islamists radical want who has unopposed largely taking cities Mosul Tikrit recreate to caliphate a much Iraq northern seizing posts border advancing to medieval-style straddling Iraq Syria Syria within 100km Baghdad capital 
0,stormed ISIL Islamists radical want who has unopposed largely taking cities Mosul Tikrit recreate to caliphate a much Iraq northern seizing posts border advancing to medieval-style straddling Iraq Syria Syria within 100km Baghdad capital 
1,flying Baghdad drones armed protect to civilians U.S. capital the forces military Iraqi 
1,Read Globe The -s TIRKIT easy ASSAULT IRAQI explanation FORCES LAUNCH HELICOPTER fired helicopters Iraqi campus a Friday dislodge to brought close them university Tikrit insurgents overran who city the onslaught an given that has them control most regions majority Sunni 
1,confirmed Al-Maliki week this abide that pressure Secretary U.S. he would deadlines the set to Kerry State constitutional up government a John flew who new week earlier this 
1,halted fighters The have been north hour an drive outskirts its western 
2,placed Washington has hopes its forming government a new inclusive more undermine that would insurgency the 
2,said Baghdad Monday Kerry assured Maliki him meet parliament the would start deadline a new elected ago months two to forming government a July 1 new 
2,racing is time consolidate as pushing Kerry insurgents the grip their provinces Sunni predominantly has been use Arabia Saudi to influence its Sunnis fellow Iraq join to government the ensure represents it everyone 
3,arrived Hague British meanwhile visit a Foreign Secretary William surprise aimed reportedly prodding politicians country the agree to government a unity 
3,comes trip Hague Mr. visited days three after Secretary U.S. Kerry State John 
4,executed Baghdad Rights militants Iraq captives 160 month earlier June 27 group bar Business Line executed insurgents Iraqi this have captives 160 at least month earlier city the this northern Tikrit 
4,advance The rapid State the allied ignited militants Sunni Islamic has tensions sectarian militias armed heavily Shiite vowing defend to south the 
4,killed Yesterday bombing a had people 12 found police neighbourhood a houses that bodies the Shiite shrine a bullet-riddled Sunnis eight revered south capital the 
5,pledged Baghdad after Secretary US support intense fight the Kerry State militants pushing capital the John 
5,said intense support Washington Kerry embassy the Green heavily-fortified Zone will be sustained effective take if US it will be leaders Iraq bring steps the to country the together necessary 
5,swept weekend the insurgents towns the province Anbar west taking border the Rawa Ana crossing Syria Al-Qaim 
5,killed Elsewhere family a six was outskirts northern died while members five bombing a Iraq northern Kurdish security forces 
6,Baghdad News24 
6,Rawa Ana moved Militants have towns the pushing offensive their two province the east farther made after desert Anbar forces security withdrawal a tactical 
6,Baquba controlled Militants briefly areas three repelled were capital the forces security confessionally-mixed province restive north just Diyala 60km 
6,heart city The is the swathe a territory disputed wanted which Kurds the have long incorporate to region their objections strong 
6,sent reinforcements 
6,Baghdad tense able militants Though mood the is have not been encroach to capital the Iraqi 
9,refused interview an minister the Iraqi acknowledge to office his ago years a prime smouldering that few tension the was still zone the Sunni Iraq protected called he citizens Shia home 
9,lives He still Zone Green speaks still unity Iraqi rules as feature if he it were an innate nation the fractured 
9,served couple just advance the ISIS has highlight to a weeks Iraq everything wrong that disarray the inability his is Iraq Maliki corruption forces the absence the foster to armed loyalty unity the speaks which he often 
9,had Press The we travel to Associated see To helicopter U.S. place a evidence it called Sakhr Jurf south a armed where al town capital the Muslims Sunni were now fighting side the allies who U.S. militants the had once been al-Qaeda fighters and fierce forces U.S. 
9,helped separation The also eventually bring modicum a physical Sunni Shia brought on peace war the civil 
9,marched One them openly weekend this armed teeth the streets the past 
9,Armed men stand guard people Najaf al-Sistani Ali cleric Iraq south shouting slogans support call the senior most Shi-ite Muslim arms Ayatollah Grand 
9,landed Press Hadi help the U.S. the today negotiating Maliki confirmed that Mizban-Associated Secretary Kerry State will be try to results the have been John form to election government a inclusive more required which he is do to days the now coming 
11,feel But militants the nearing Obama President will certainly almost compelled act to Army the Iraqi faltering 
14,stopped But Obama short acceding request use the power U.S. air 
15,Published army the Independent.ie bar 19-06-2014 June 16 Iraqi province Diyala north 40 take fighters 12:53 2014 km Baghdad part deployment an Shi-ite intensive security 
15,said But official a top held government the Iraqi security still forces the protecting inside it facility government in contact regular were still 
15,comes fighting The some north kilometers 250 asked as Beiji Iraq has US the airstrikes targeting militants the State the Islamic Iraq Levant the 
15,added He backed that forces some Iraqi had down confronted when security militants the lost because they had simply faith government the central 
15,vowed State The has march to Islamic cities holy Karbala Najaf home some shrines sect the threat the revered most worst stability Iraq left troops US 2011 late 
15,tried militants The also have capture to Samarra north a shrine another home city major Shiite 
16,join advisers The would up 275 positioned being 300 military announced he Iraq provide to Thursday security support Embassy the U.S. 
16,came withdrawal The unable after Washington were reach to agreement an extend to presence the U.S. troop 
17,threatening Baghdad came as al-Maliki Iraqi pressure increased Prime Minister Nuri U.S. 
17,notified Obama Congress Monday deploying States the was up personnel 275 provide to United military support security seized after personnel U.S. embassy country the militants control north the country the 
17,said dominated ID -LSB- officials administration govern to nL2N0OX1YV McGurk -RSB- manner a Brett man the Beecroft U.S. sectarian less State Department point Iraq Ambassador Stephen met Maliki part effort a leaders prod U.S. Shi-ite Iraq 
18,sounding Republicans CBS are warning the emerge that News plot the could regions the next 9-11-like terror Iraq Syria dominated that are currently group an extremist bearing down 
18,told King Army Beast the Daily recently said that Col. Kenneth officer who released when he see I was the commanding camp a head current was 2009 -ll guys you U.S. detention Iraq ISIS al-Baghdadi Bakr York New 
19,stepped Security has been up threatened after insurgents the march to capital the 
19,emerging Reports are shot that helicopter an has been down clashes fierce city the located miles just army Fallujah 70km 45 west 
20,struggles Baghdad as repel to insists even insurgency a as House the anew dragged that rampant White America will not be war another 
20,notified Obama President Congress Monday sent that Barack troops 275 up could be Iraq provide to to support security personnel U.S. Embassy the American 
20,wrestles come moves The array an options helping repel Iraq capital the House the insurgency a government the White Sunni Muslim captured that Shiite-led has swaths large territory collaring 
20,said House The assist forces the will White relocation the embassy the authorized support security temporary staff some 
20,unknown It -s also remain whether they would sent be north nation the captured where insurgency the has swaths large Sunni Muslim territory collaring Baghdad capital the government the Shiite-led 
20,said fall troops The official another U.S. would authority the authorized would ambassador the not be engage to U.S. combat 
20,Already Marines 100 soldiers Army sent have been help to to official a security embassy U.S. 
21,is head The Quds the operations planning guards the Iranian revolutionary 
22,said announcement an spokesman al-Maliki Prime took army the aimed improving reputation troops the Minister Nuri control Tikrit the north Baghdad capital killed terrorists 280 poor Iraqi cities Samarra 
22,has family Almost member one at least force the every army the police 
