0,said Watch York-based killed that men 160 between Human Rights were locations two at least Tikrit hometown the June 11 190 Hussein late 14 Iraqi dictator Saddam 
0,said Watch York-based killed that men 160 between Human Rights were locations two at least Tikrit hometown the June 11 190 Hussein late 14 Iraqi dictator Saddam 
11,called Filkins Dexter army the State the Crisis The conquering Islamic Iraq al-Sham Iraq Yorker The swept militants Islamic city Iraq enclaves several New day The Mosul second-largest other River the Tigris 
13,added York Intermediate West Texas cents 46 dol 106.43 delivery July barrel a 
15,rose price The cents 57 today dollars 106.54 trading electronic crude benchmark US barrel Exchange the delivery July New Mercantile 
18,guarantee Sunday Fox I you problem this going we News Committee House is a have that -re face to Intelligence said Rogers Chairman we will face to going we it here R-Mich. Mike -re either face to it City New 
18,told King Army Beast the Daily recently said that Col. Kenneth officer who released when he see I was the commanding camp a head current was 2009 -ll guys you U.S. detention Iraq ISIS al-Baghdadi Abu York Bakr 
0,said Watch York-based killed that men 160 between Human Rights were locations two at least Tikrit hometown the June 11 190 Hussein late 14 Iraqi dictator Saddam 
0,said Watch York-based killed that men 160 between Human Rights were locations two at least Tikrit hometown the June 11 190 Hussein late 14 Iraqi dictator Saddam 
11,called Filkins Dexter army the State the Crisis The conquering Islamic Iraq al-Sham Iraq Yorker The swept militants Islamic city Iraq enclaves several New day The Mosul second-largest other River the Tigris 
13,added York Intermediate West Texas cents 46 dol 106.43 delivery July barrel a 
15,rose price The cents 57 today dollars 106.54 trading electronic crude benchmark US barrel Exchange the delivery July New Mercantile 
18,guarantee Sunday Fox I you problem this going we News Committee House is a have that -re face to Intelligence said Rogers Chairman we will face to going we it here R-Mich. Mike -re either face to it City New 
18,told King Army Beast the Daily recently said that Col. Kenneth officer who released when he see I was the commanding camp a head current was 2009 -ll guys you U.S. detention Iraq ISIS al-Baghdadi Abu York Bakr 
0,said Watch York-based killed that men 160 between Human Rights were locations two at least Tikrit hometown the June 11 190 Hussein late 14 Iraqi dictator Saddam 
0,said Watch York-based killed that men 160 between Human Rights were locations two at least Tikrit hometown the June 11 190 Hussein late 14 Iraqi dictator Saddam 
11,called Filkins Dexter army the State the Crisis The conquering Islamic Iraq al-Sham Iraq Yorker The swept militants Islamic city Iraq enclaves several New day The Mosul second-largest other River the Tigris 
13,added York Intermediate West Texas cents 46 dol 106.43 delivery July barrel a 
15,rose price The cents 57 today dollars 106.54 trading electronic crude benchmark US barrel Exchange the delivery July New Mercantile 
18,guarantee Sunday Fox I you problem this going we News Committee House is a have that -re face to Intelligence said Rogers Chairman we will face to going we it here R-Mich. Mike -re either face to it City New 
18,told King Army Beast the Daily recently said that Col. Kenneth officer who released when he see I was the commanding camp a head current was 2009 -ll guys you U.S. detention Iraq ISIS al-Baghdadi Abu York Bakr 
0,said Watch York-based killed that men 160 between Human Rights were locations two at least Tikrit hometown the June 11 190 Hussein late 14 Iraqi dictator Saddam 
0,said Watch York-based killed that men 160 between Human Rights were locations two at least Tikrit hometown the June 11 190 Hussein late 14 Iraqi dictator Saddam 
11,called Filkins Dexter army the State the Crisis The conquering Islamic Iraq al-Sham Iraq Yorker The swept militants Islamic city Iraq enclaves several New day The Mosul second-largest other River the Tigris 
13,added York Intermediate West Texas cents 46 dol 106.43 delivery July barrel a 
15,rose price The cents 57 today dollars 106.54 trading electronic crude benchmark US barrel Exchange the delivery July New Mercantile 
18,guarantee Sunday Fox I you problem this going we News Committee House is a have that -re face to Intelligence said Rogers Chairman we will face to going we it here R-Mich. Mike -re either face to it City New 
18,told King Army Beast the Daily recently said that Col. Kenneth officer who released when he see I was the commanding camp a head current was 2009 -ll guys you U.S. detention Iraq ISIS al-Baghdadi Abu York Bakr 
0,said Watch York-based killed that men 160 between Human Rights were locations two at least Tikrit hometown the June 11 190 Hussein late 14 Iraqi dictator Saddam 
0,said Watch York-based killed that men 160 between Human Rights were locations two at least Tikrit hometown the June 11 190 Hussein late 14 Iraqi dictator Saddam 
11,called Filkins Dexter army the State the Crisis The conquering Islamic Iraq al-Sham Iraq Yorker The swept militants Islamic city Iraq enclaves several New day The Mosul second-largest other River the Tigris 
13,added York Intermediate West Texas cents 46 dol 106.43 delivery July barrel a 
15,rose price The cents 57 today dollars 106.54 trading electronic crude benchmark US barrel Exchange the delivery July New Mercantile 
18,guarantee Sunday Fox I you problem this going we News Committee House is a have that -re face to Intelligence said Rogers Chairman we will face to going we it here R-Mich. Mike -re either face to it City New 
18,told King Army Beast the Daily recently said that Col. Kenneth officer who released when he see I was the commanding camp a head current was 2009 -ll guys you U.S. detention Iraq ISIS al-Baghdadi Abu York Bakr 
0,said Watch York-based killed that men 160 between Human Rights were locations two at least Tikrit hometown the June 11 190 Hussein late 14 Iraqi dictator Saddam 
0,said Watch York-based killed that men 160 between Human Rights were locations two at least Tikrit hometown the June 11 190 Hussein late 14 Iraqi dictator Saddam 
11,called Filkins Dexter army the State the Crisis The conquering Islamic Iraq al-Sham Iraq Yorker The swept militants Islamic city Iraq enclaves several New day The Mosul second-largest other River the Tigris 
13,added York Intermediate West Texas cents 46 dol 106.43 delivery July barrel a 
15,rose price The cents 57 today dollars 106.54 trading electronic crude benchmark US barrel Exchange the delivery July New Mercantile 
18,guarantee Sunday Fox I you problem this going we News Committee House is a have that -re face to Intelligence said Rogers Chairman we will face to going we it here R-Mich. Mike -re either face to it City New 
18,told King Army Beast the Daily recently said that Col. Kenneth officer who released when he see I was the commanding camp a head current was 2009 -ll guys you U.S. detention Iraq ISIS al-Baghdadi Abu York Bakr 
