31,says But Grimmelmann professor a fact the law University Maryland co-authored paper the was academics two universities receive that means funding significant apply rules these federal should particularly treated because participants were n-t all way an identical 
31,wrote tell We would n-t patients trial a harmless that drug study the was know because computer only would ever received whether a they placebo the 
32,says But Grimmelmann professor a fact the law University Maryland co-authored paper the was academics two universities receive that means funding significant apply rules these federal should particularly treated because participants were n-t all way an identical 
32,wrote tell We Grimmelmann post a would n-t patients trial a harmless that blog drug study the was know because computer only would ever received whether a they placebo the 
31,says But Grimmelmann professor a fact the law University Maryland co-authored paper the was academics two universities receive that means funding significant apply rules these federal should particularly treated because participants were n-t all way an identical 
31,wrote tell We would n-t patients trial a harmless that drug study the was know because computer only would ever received whether a they placebo the 
32,says But Grimmelmann professor a fact the law University Maryland co-authored paper the was academics two universities receive that means funding significant apply rules these federal should particularly treated because participants were n-t all way an identical 
32,wrote tell We Grimmelmann post a would n-t patients trial a harmless that blog drug study the was know because computer only would ever received whether a they placebo the 
31,says But Grimmelmann professor a fact the law University Maryland co-authored paper the was academics two universities receive that means funding significant apply rules these federal should particularly treated because participants were n-t all way an identical 
31,wrote tell We would n-t patients trial a harmless that drug study the was know because computer only would ever received whether a they placebo the 
32,says But Grimmelmann professor a fact the law University Maryland co-authored paper the was academics two universities receive that means funding significant apply rules these federal should particularly treated because participants were n-t all way an identical 
32,wrote tell We Grimmelmann post a would n-t patients trial a harmless that blog drug study the was know because computer only would ever received whether a they placebo the 
31,says But Grimmelmann professor a fact the law University Maryland co-authored paper the was academics two universities receive that means funding significant apply rules these federal should particularly treated because participants were n-t all way an identical 
31,wrote tell We would n-t patients trial a harmless that drug study the was know because computer only would ever received whether a they placebo the 
32,says But Grimmelmann professor a fact the law University Maryland co-authored paper the was academics two universities receive that means funding significant apply rules these federal should particularly treated because participants were n-t all way an identical 
32,wrote tell We Grimmelmann post a would n-t patients trial a harmless that blog drug study the was know because computer only would ever received whether a they placebo the 
31,says But Grimmelmann professor a fact the law University Maryland co-authored paper the was academics two universities receive that means funding significant apply rules these federal should particularly treated because participants were n-t all way an identical 
31,wrote tell We would n-t patients trial a harmless that drug study the was know because computer only would ever received whether a they placebo the 
32,says But Grimmelmann professor a fact the law University Maryland co-authored paper the was academics two universities receive that means funding significant apply rules these federal should particularly treated because participants were n-t all way an identical 
32,wrote tell We Grimmelmann post a would n-t patients trial a harmless that blog drug study the was know because computer only would ever received whether a they placebo the 
31,says But Grimmelmann professor a fact the law University Maryland co-authored paper the was academics two universities receive that means funding significant apply rules these federal should particularly treated because participants were n-t all way an identical 
31,wrote tell We would n-t patients trial a harmless that drug study the was know because computer only would ever received whether a they placebo the 
32,says But Grimmelmann professor a fact the law University Maryland co-authored paper the was academics two universities receive that means funding significant apply rules these federal should particularly treated because participants were n-t all way an identical 
32,wrote tell We Grimmelmann post a would n-t patients trial a harmless that blog drug study the was know because computer only would ever received whether a they placebo the 
